lambda_cc,gamma,grupo,feature,n,mean,std,cv_abs,ci95_low,ci95_high,std_escalada
-0.1,0.05,"lambda=-0.1, gamma=0.05",area_mean,30,0.8355179523809523,0.01950017871585222,0.023339030191132464,0.82853990304569,0.8424960017162145,0.12660969191146254
-0.1,0.05,"lambda=-0.1, gamma=0.05",area_std,30,0.2867640123060759,0.013458457226165638,0.04693216947948417,0.2819479652395762,0.2915800593725756,0.2946244203536642
-0.1,0.05,"lambda=-0.1, gamma=0.05",area_cv,30,0.3431538590902632,0.012394161025924421,0.03611837867358578,0.3387186655277664,0.34758905265275997,0.26713821151923794
-0.1,0.05,"lambda=-0.1, gamma=0.05",area_q10,30,0.5774114333333333,0.005726637726500141,0.009917776815469145,0.5753621823411768,0.5794606843254899,0.052655788814449066
-0.1,0.05,"lambda=-0.1, gamma=0.05",area_q50,30,0.6940401500000001,0.02424943113557797,0.034939522065946714,0.6853626025127789,0.7027176974872212,0.2046404260079561
-0.1,0.05,"lambda=-0.1, gamma=0.05",area_q90,30,1.3104911666666665,0.04301742088333541,0.03282541842136447,1.2950975803014488,1.3258847530318842,0.16647348992102393
-0.1,0.05,"lambda=-0.1, gamma=0.05",area_skew,30,1.0249867289507577,0.164522362057182,0.1605116997227834,0.9661131577944273,1.0838603001070881,0.24988855123920975
-0.1,0.05,"lambda=-0.1, gamma=0.05",perimeter_mean,30,3.4236221586483158,0.03806195224568686,0.011117451191142585,3.4100018639609195,3.437242453335712,0.09855231433718818
-0.1,0.05,"lambda=-0.1, gamma=0.05",perimeter_std,30,0.5229845340750272,0.023096340765801124,0.04416256937052699,0.5147196146773003,0.5312494534727541,0.3581977345857786
-0.1,0.05,"lambda=-0.1, gamma=0.05",perimeter_cv,30,0.15272765571471936,0.005788987082614254,0.03790398703838896,0.15065609329202018,0.15479921813741854,0.3323802029899364
-0.1,0.05,"lambda=-0.1, gamma=0.05",perimeter_q10,30,2.934830770554837,0.015144524459865343,0.005160271798909289,2.929411372077524,2.9402501690321503,0.045635475489587185
-0.1,0.05,"lambda=-0.1, gamma=0.05",perimeter_q50,30,3.1746196105895286,0.05658792105054553,0.017825102844380502,3.154369883106281,3.194869338072776,0.17277665893246974
-0.1,0.05,"lambda=-0.1, gamma=0.05",perimeter_q90,30,4.2808918738008135,0.06804282839698304,0.015894544969333887,4.256543060367686,4.305240687233941,0.13169899208742009
-0.1,0.05,"lambda=-0.1, gamma=0.05",perimeter_skew,30,0.8671257485676683,0.16588834033461894,0.19130828557292395,0.80776336836247,0.9264881287728667,0.2943697134446237
-0.1,0.05,"lambda=-0.1, gamma=0.05",shape_mean,30,3.8032462754138345,0.005857410586328598,0.0015401081502909638,3.8011502279547895,3.8053423228728795,0.30189817623710624
-0.1,0.05,"lambda=-0.1, gamma=0.05",shape_std,30,0.07530111073318205,0.004900568860163553,0.06507963577759122,0.07354746468842699,0.0770547567779371,0.491415914513778
-0.1,0.05,"lambda=-0.1, gamma=0.05",shape_q10,30,3.7164521368243553,0.007822881733131056,0.002104932727538252,3.713652754548267,3.7192515191004434,0.569928428481303
-0.1,0.05,"lambda=-0.1, gamma=0.05",shape_q50,30,3.7967715082931774,0.010974283659204609,0.002890425098069189,3.792844411320941,3.800698605265414,0.4738697701316625
-0.1,0.05,"lambda=-0.1, gamma=0.05",shape_q90,30,3.895003360668665,0.011393015106580202,0.0029250334471147502,3.890926422572376,3.899080298764954,0.4178139735046585
-0.1,0.05,"lambda=-0.1, gamma=0.05",elongation_mean,30,1.316651665119703,0.017962195144907597,0.013642328962743967,1.310223976137095,1.3230793541023111,0.3027557917200778
-0.1,0.05,"lambda=-0.1, gamma=0.05",elongation_std,30,0.1928597399306402,0.01651853531861597,0.085650511218965,0.18694865798215174,0.19877082187912867,0.46222694162545863
-0.1,0.05,"lambda=-0.1, gamma=0.05",elongation_q10,30,1.1036494786589373,0.01255223004490132,0.011373384654839634,1.0991577208244474,1.108141236493427,0.5827142083199528
-0.1,0.05,"lambda=-0.1, gamma=0.05",elongation_q50,30,1.282899353213012,0.019284802923692914,0.015032202546048735,1.2759983751151578,1.2898003313108661,0.3504914137300246
-0.1,0.05,"lambda=-0.1, gamma=0.05",elongation_q90,30,1.5666132300730389,0.04535629720490131,0.0289518155050859,1.5503826875650706,1.5828437725810072,0.4265505803172235
-0.1,0.05,"lambda=-0.1, gamma=0.05",neighbors_mean,30,5.999489795918367,0.017019406542385505,0.0028368089823178496,5.993399479504339,6.005580112332396,1.2267461116951808
-0.1,0.05,"lambda=-0.1, gamma=0.05",neighbors_std,30,0.8634155885969818,0.062059916422346824,0.07187722487520973,0.8412077327179307,0.8856234444760328,0.6557577797130336
-0.1,0.05,"lambda=-0.1, gamma=0.05",center_x_std,30,3.6085698610038066,0.06189937545101335,0.017153436911373696,3.586419453973539,3.630720268034074,0.14549610681746628
-0.1,0.05,"lambda=-0.1, gamma=0.05",center_y_std,30,3.5868912736358873,0.04985854084222735,0.013900209690963884,3.569049623933548,3.6047329233382266,0.11535194544334816
-0.1,0.05,"lambda=-0.1, gamma=0.05",xy_corr,30,0.005504099081360362,0.0229212483664834,4.164396030606759,-0.0026981643059538858,0.01370636246867461,0.8335125970707556
-0.1,0.05,"lambda=-0.1, gamma=0.05",frac_neighbors_4,30,0.010544217687074831,0.008779246268409719,0.8326123880362765,0.00740260475726214,0.013685830616887521,0.927268038531537
-0.1,0.05,"lambda=-0.1, gamma=0.05",frac_neighbors_5,30,0.28248299319727893,0.026340578729198254,0.09324660019728219,0.27305713815410015,0.2919088482404577,0.7158968230857756
-0.1,0.05,"lambda=-0.1, gamma=0.05",frac_neighbors_6,30,0.4585034013605442,0.04819281686625996,0.10510896260148686,0.4412578233277317,0.47574897939335664,0.721144259216224
-0.1,0.05,"lambda=-0.1, gamma=0.05",frac_neighbors_7,30,0.20017006802721088,0.02698693173700534,0.1348200158144362,0.19051291853067376,0.209827217523748,1.0786519291297245
-0.1,0.05,"lambda=-0.1, gamma=0.05",frac_neighbors_8,30,0.042006802721088435,0.011344073288482272,0.2700532426569869,0.03794737822948065,0.04606622721269622,0.6499246445885425
-0.1,0.08,"lambda=-0.1, gamma=0.08",area_mean,30,0.6322929190476192,0.012339636742576383,0.019515696555898108,0.6278772367493378,0.6367086013459006,0.0801181173281714
-0.1,0.08,"lambda=-0.1, gamma=0.08",area_std,30,0.27287303115612926,0.012547800772414184,0.04598402678069982,0.26838285831644304,0.2773632039958155,0.274688879056537
-0.1,0.08,"lambda=-0.1, gamma=0.08",area_cv,30,0.4314134662011391,0.013926859807141414,0.03228193113621598,0.42642980342370457,0.4363971289785736,0.3001733165461622
-0.1,0.08,"lambda=-0.1, gamma=0.08",area_q10,30,0.39041215000000007,0.006584881317693083,0.016866486654406328,0.3880557804830194,0.3927685195169807,0.06054724195807733
-0.1,0.08,"lambda=-0.1, gamma=0.08",area_q50,30,0.51744855,0.008587610172309388,0.01659606577757226,0.5143755131664627,0.5205215868335373,0.07247065690845388
-0.1,0.08,"lambda=-0.1, gamma=0.08",area_q90,30,1.0923533333333333,0.04172409595585426,0.03819652001109616,1.0774225573495995,1.1072841093170671,0.16146844057453816
-0.1,0.08,"lambda=-0.1, gamma=0.08",area_skew,30,1.1758786935742052,0.14623877778341804,0.12436553071551124,1.1235478190232158,1.2282095681251946,0.22211811123031353
-0.1,0.08,"lambda=-0.1, gamma=0.08",perimeter_mean,30,2.9406225435435007,0.02529482422636889,0.00860186026999854,2.931570906943119,2.9496741801438824,0.06549489243667257
-0.1,0.08,"lambda=-0.1, gamma=0.08",perimeter_std,30,0.5579921768173998,0.024351864470687507,0.04364194603871039,0.5492779740319691,0.5667063796028304,0.3776694661197607
-0.1,0.08,"lambda=-0.1, gamma=0.08",perimeter_cv,30,0.1897115240387486,0.007060130050513037,0.03721508266978554,0.18718508894685904,0.19223795913063818,0.40536408629627646
-0.1,0.08,"lambda=-0.1, gamma=0.08",perimeter_q10,30,2.4133277518814826,0.018566008510611198,0.007693115241448964,2.406683991060941,2.4199715127020243,0.05594554180758988
-0.1,0.08,"lambda=-0.1, gamma=0.08",perimeter_q50,30,2.7177870593317985,0.020943776798323578,0.007706187549319211,2.710292425057159,2.725281693606438,0.0639464343885247
-0.1,0.08,"lambda=-0.1, gamma=0.08",perimeter_q90,30,3.8786773056754242,0.0750130381172031,0.01933985021322636,3.85183423472735,3.9055203766234983,0.14519004788885145
-0.1,0.08,"lambda=-0.1, gamma=0.08",perimeter_skew,30,0.9668278466555194,0.12969875412870696,0.13414875727603925,0.9204157435553347,1.0132399497557039,0.23015110652128565
-0.1,0.08,"lambda=-0.1, gamma=0.08",shape_mean,30,3.7861151329896154,0.005130386023853038,0.0013550528295218406,3.7842792479290193,3.7879510180502116,0.26442643232295365
-0.1,0.08,"lambda=-0.1, gamma=0.08",shape_std,30,0.07680414383638128,0.004975431540436351,0.06478076952508835,0.07502370852554176,0.07858457914722079,0.49892294350142535
-0.1,0.08,"lambda=-0.1, gamma=0.08",shape_q10,30,3.6948293141181385,0.0051381495401659994,0.001390632449659544,3.692990650918909,3.696667977317368,0.37433487973193136
-0.1,0.08,"lambda=-0.1, gamma=0.08",shape_q50,30,3.770902362267438,0.008396015239513312,0.0022265268184946587,3.7678978868000765,3.773906837734799,0.36254009237614954
-0.1,0.08,"lambda=-0.1, gamma=0.08",shape_q90,30,3.875834427587329,0.009663619041257688,0.0024933002742517055,3.8723763459251206,3.879292509249537,0.3543921457394698
-0.1,0.08,"lambda=-0.1, gamma=0.08",elongation_mean,30,1.2670993563621018,0.014395623011692091,0.011361084621668944,1.2619479488262435,1.27225076389796,0.24264062421369664
-0.1,0.08,"lambda=-0.1, gamma=0.08",elongation_std,30,0.16457120193195734,0.01423542480526831,0.08650009623891552,0.15947712058803484,0.16966528327587985,0.3983402125891192
-0.1,0.08,"lambda=-0.1, gamma=0.08",elongation_q10,30,1.0861570473354982,0.010913778779507204,0.010048066995726168,1.0822516017563955,1.090062492914601,0.5066521198647804
-0.1,0.08,"lambda=-0.1, gamma=0.08",elongation_q50,30,1.236013112950034,0.017802760816013966,0.014403375360252869,1.2296424768092982,1.2423837490907699,0.3235560576580348
-0.1,0.08,"lambda=-0.1, gamma=0.08",elongation_q90,30,1.490890048341787,0.034345663349994615,0.023037019656945795,1.4785996105565304,1.5031804861270437,0.32300173374243324
-0.1,0.08,"lambda=-0.1, gamma=0.08",neighbors_mean,30,6.006972789115646,0.011794080166381907,0.0019633983006802076,6.002752331730907,6.011193246500385,0.8501084893352759
-0.1,0.08,"lambda=-0.1, gamma=0.08",neighbors_std,30,0.9078502980879886,0.04531837994084247,0.04991834010110137,0.891633324098705,0.9240672720772721,0.47885788321006484
-0.1,0.08,"lambda=-0.1, gamma=0.08",center_x_std,30,3.1259402018889033,0.05643139456927968,0.018052614869337565,3.105746486687618,3.1461339170901885,0.13264347422387587
-0.1,0.08,"lambda=-0.1, gamma=0.08",center_y_std,30,3.115530576045439,0.051433328961914285,0.01650869015934965,3.0971253956518234,3.1339357564390546,0.11899535076966501
-0.1,0.08,"lambda=-0.1, gamma=0.08",xy_corr,30,-0.007901021263297501,0.030127814078214254,3.8131544105781043,-0.01868212107088448,0.002880078544289476,1.095573511306528
-0.1,0.08,"lambda=-0.1, gamma=0.08",frac_neighbors_4,30,0.01326530612244898,0.009436278841301467,0.7113502511134951,0.009888577105993158,0.016642035138904804,0.9966641218045283
-0.1,0.08,"lambda=-0.1, gamma=0.08",frac_neighbors_5,30,0.2920068027210884,0.02311730418196248,0.07916700558528794,0.2837343816612311,0.30027922378094574,0.6282931287242142
-0.1,0.08,"lambda=-0.1, gamma=0.08",frac_neighbors_6,30,0.4379251700680272,0.024745154903855926,0.05650544110084382,0.42907023010855694,0.4467801100274975,0.3702797960918767
-0.1,0.08,"lambda=-0.1, gamma=0.08",frac_neighbors_7,30,0.19693877551020406,0.025372605683863923,0.12883499259164066,0.18785930517272317,0.20601824584768494,1.0141282578789594
-0.1,0.08,"lambda=-0.1, gamma=0.08",frac_neighbors_8,30,0.05136054421768708,0.013725136174365566,0.2672311281631441,0.04644906731516736,0.056272021120206794,0.7863404989732166
0.0,0.05,"lambda=0, gamma=0.05",area_mean,30,0.7315717897959183,0.016608857791698517,0.02270297737469043,0.725628386365538,0.7375151932262987,0.10783708183652624
0.0,0.05,"lambda=0, gamma=0.05",area_std,30,0.2966728132845625,0.017532184893527876,0.05909602804322808,0.29039900149418535,0.3029466250749397,0.3838040070258902
0.0,0.05,"lambda=0, gamma=0.05",area_cv,30,0.4053156611715929,0.017705159494406212,0.04368239668614883,0.3989799512152417,0.4116513711279441,0.3816091006164545
0.0,0.05,"lambda=0, gamma=0.05",area_q10,30,0.4561967333333333,0.009909429305858945,0.021721833107950676,0.45265068959762317,0.4597427770690435,0.09111608621345679
0.0,0.05,"lambda=0, gamma=0.05",area_q50,30,0.5977997666666666,0.015328383795707393,0.025641334524398547,0.5923145749709963,0.6032849583623369,0.12935590003861128
0.0,0.05,"lambda=0, gamma=0.05",area_q90,30,1.224597,0.05242135423989759,0.042807024874221965,1.205838259301388,1.2433557406986118,0.2028658531242326
0.0,0.05,"lambda=0, gamma=0.05",area_skew,30,1.007121647981461,0.14285249088449867,0.1418423396724844,0.9560025406346769,1.0582407553282451,0.21697477195004494
0.0,0.05,"lambda=0, gamma=0.05",perimeter_mean,30,3.1820773960329594,0.034451326950989916,0.010826677878401005,3.1697491470136914,3.1944056450522273,0.08920346442271489
0.0,0.05,"lambda=0, gamma=0.05",perimeter_std,30,0.5816136349097049,0.030172122921787132,0.051876574259596464,0.5708166793860783,0.5924105904333314,0.4679349940242761
0.0,0.05,"lambda=0, gamma=0.05",perimeter_cv,30,0.1827248915017783,0.008127806459257586,0.044481112520887635,0.17981639331380755,0.18563338968974907,0.4666657434604209
0.0,0.05,"lambda=0, gamma=0.05",perimeter_q10,30,2.610985644238374,0.02182582823659788,0.008359229505823072,2.6031753719102477,2.6187959165665005,0.0657684598926032
0.0,0.05,"lambda=0, gamma=0.05",perimeter_q50,30,2.927200540080631,0.04044656925591283,0.013817491730443146,2.9127269211552607,2.941674159006001,0.12349319380500544
0.0,0.05,"lambda=0, gamma=0.05",perimeter_q90,30,4.130861436485068,0.08863141580220031,0.02145591595481266,4.099145091669258,4.162577781300878,0.17154883774567448
0.0,0.05,"lambda=0, gamma=0.05",perimeter_skew,30,0.8023080005991379,0.1354886326100056,0.1688735903279377,0.7538240160933315,0.8507919851049442,0.24042527567615893
0.0,0.05,"lambda=0, gamma=0.05",shape_mean,30,3.7998531185178828,0.007073466520198634,0.0018615105109530156,3.7973219110316077,3.802384326004158,0.36457520104642344
0.0,0.05,"lambda=0, gamma=0.05",shape_std,30,0.07879740804849729,0.007984544228036138,0.10133003642863361,0.07594017559156982,0.08165464050542476,0.8006687010750697
0.0,0.05,"lambda=0, gamma=0.05",shape_q10,30,3.7099139794400315,0.0065008782255993325,0.0017522989108713957,3.707587670043498,3.712240288836565,0.47361515068964655
0.0,0.05,"lambda=0, gamma=0.05",shape_q50,30,3.789918056638863,0.009816318976890927,0.0025901137782373728,3.7864053320064612,3.793430781271265,0.4238688338638698
0.0,0.05,"lambda=0, gamma=0.05",shape_q90,30,3.8929879270253114,0.014800680169693069,0.00380188185710673,3.8876915716470095,3.8982842824036132,0.5427826553744709
0.0,0.05,"lambda=0, gamma=0.05",elongation_mean,30,1.304599434954958,0.018413443903092422,0.014114251018151145,1.298010268678066,1.3111886012318499,0.3103616647186061
0.0,0.05,"lambda=0, gamma=0.05",elongation_std,30,0.191749088056123,0.018115105717622343,0.09447296934377199,0.18526668072780972,0.1982314953844363,0.5069026854724795
0.0,0.05,"lambda=0, gamma=0.05",elongation_q10,30,1.094295044019544,0.012705769968670679,0.011610917949513947,1.0897483426289665,1.0988417454101216,0.5898420170682563
0.0,0.05,"lambda=0, gamma=0.05",elongation_q50,30,1.268208323806544,0.015328222235356685,0.012086517607256214,1.2627231899245026,1.2736934576885854,0.27858258663549673
0.0,0.05,"lambda=0, gamma=0.05",elongation_q90,30,1.557455171950891,0.04229190457971101,0.02715449236765868,1.542321208260624,1.5725891356411579,0.3977316834242581
0.0,0.05,"lambda=0, gamma=0.05",neighbors_mean,30,5.996598639455782,0.013620095322934535,0.0022713034741592476,5.991724750939204,6.001472527972361,0.9817262979597255
0.0,0.05,"lambda=0, gamma=0.05",neighbors_std,30,0.8919094790901518,0.06124836085086018,0.06867105046729677,0.86999203464264,0.9138269235376637,0.6471824558912924
0.0,0.05,"lambda=0, gamma=0.05",center_x_std,30,3.3627832707770398,0.04230350600471848,0.012579908545501771,3.3476451555701514,3.377921385983928,0.09943550130464335
0.0,0.05,"lambda=0, gamma=0.05",center_y_std,30,3.3878702859515255,0.06713049250660767,0.019814953596357435,3.363847947723889,3.411892624179162,0.15531206446075702
0.0,0.05,"lambda=0, gamma=0.05",xy_corr,30,0.002442516388119742,0.03299525151674292,13.508712439855024,-0.009364682728781,0.014249715505020483,1.1998455469353024
0.0,0.05,"lambda=0, gamma=0.05",frac_neighbors_4,30,0.01649659863945578,0.010176187536730084,0.6168658011955969,0.012855096696786049,0.020138100582125514,1.0748136193498112
0.0,0.05,"lambda=0, gamma=0.05",frac_neighbors_5,30,0.28078231292517003,0.02582436161452833,0.09197289296997371,0.2715411838040642,0.29002344204627584,0.7018668279131544
0.0,0.05,"lambda=0, gamma=0.05",frac_neighbors_6,30,0.45323129251700683,0.039906361960147664,0.08804855847117007,0.43895098428976137,0.4675116007442523,0.597147992275027
0.0,0.05,"lambda=0, gamma=0.05",frac_neighbors_7,30,0.19727891156462585,0.024717934166638332,0.12529435594813224,0.18843371242086882,0.20612411070838288,0.987961418985105
0.0,0.05,"lambda=0, gamma=0.05",frac_neighbors_8,30,0.04506802721088436,0.015744561103294,0.3493510161787498,0.039433908378346566,0.05070214604342216,0.9020373915999259
0.0,0.08,"lambda=0, gamma=0.08",area_mean,30,0.4205731951256164,0.013770560659186486,0.03274236403742637,0.4156454632799637,0.4255009269712691,0.0894087417306786
0.0,0.08,"lambda=0, gamma=0.08",area_std,30,0.1890480426656373,0.02201059809173524,0.11642859551137813,0.18117165129400858,0.196924434037266,0.4818427250195691
0.0,0.08,"lambda=0, gamma=0.08",area_cv,30,0.44854306800649774,0.04030576207850832,0.08985929100998712,0.4341198362824453,0.46296629973055015,0.8687323952828475
0.0,0.08,"lambda=0, gamma=0.08",area_q10,30,0.27763453666666665,0.0054119565445080575,0.019493095525812614,0.27569789288928565,0.27957118044404766,0.04976233079349213
0.0,0.08,"lambda=0, gamma=0.08",area_q50,30,0.37322736666666667,0.006094334457642539,0.016328744893686895,0.3710465370891179,0.37540819624421545,0.05142995696163617
0.0,0.08,"lambda=0, gamma=0.08",area_q90,30,0.6587614133333336,0.09975328999834343,0.15142552065032416,0.6230651569499348,0.6944576697167324,0.38603612155561234
0.0,0.08,"lambda=0, gamma=0.08",area_skew,30,2.507653162368377,0.3192715146065814,0.12731884911270677,2.3934033181627186,2.621903006574035,0.48493283976349305
0.0,0.08,"lambda=0, gamma=0.08",perimeter_mean,30,2.3857313602753396,0.03468583573782796,0.01453886900905089,2.3733191933644484,2.398143527186231,0.08981066879116435
0.0,0.08,"lambda=0, gamma=0.08",perimeter_std,30,0.433079939095598,0.044556954101919885,0.10288390220744995,0.41713543784344,0.449024440347756,0.6910272142755434
0.0,0.08,"lambda=0, gamma=0.08",perimeter_cv,30,0.18135617799711365,0.01661957519365968,0.0916405240626773,0.17540893939369612,0.18730341660053118,0.954228727347673
0.0,0.08,"lambda=0, gamma=0.08",perimeter_q10,30,2.0201635472409816,0.021847768476381178,0.010814851355089321,2.012345423698881,2.027981670783082,0.06583457311243522
0.0,0.08,"lambda=0, gamma=0.08",perimeter_q50,30,2.2876884455368276,0.01995154315847976,0.008721267617277291,2.2805488775101352,2.29482801356352,0.060916904234563224
0.0,0.08,"lambda=0, gamma=0.08",perimeter_q90,30,2.988779109852672,0.2200083308951686,0.07361143892163166,2.910050139748047,3.067508079957297,0.4258329071901723
0.0,0.08,"lambda=0, gamma=0.08",perimeter_skew,30,2.109210014045443,0.25004135391527016,0.11854739558897381,2.019733864677739,2.198686163413147,0.4436996690235944
0.0,0.08,"lambda=0, gamma=0.08",shape_mean,30,3.756118232279639,0.004185425293936634,0.0011142954068824513,3.754620497073428,3.75761596748585,0.21572198916110583
0.0,0.08,"lambda=0, gamma=0.08",shape_std,30,0.05864903556872274,0.005680253937504748,0.09685161712248175,0.05661638280228919,0.06068168833515628,0.5696006449496608
0.0,0.08,"lambda=0, gamma=0.08",shape_q10,30,3.684688568712929,0.002614869404521535,0.0007096581856943517,3.683752849713842,3.6856242877120162,0.19050376334991848
0.0,0.08,"lambda=0, gamma=0.08",shape_q50,30,3.7411729730311323,0.0032793008612939634,0.000876543502514679,3.7399994902888087,3.742346455773456,0.14160027147016177
0.0,0.08,"lambda=0, gamma=0.08",shape_q90,30,3.8327247776823694,0.006277031855682678,0.0016377465692901565,3.8304785706805657,3.834970984684173,0.23019644904388475
0.0,0.08,"lambda=0, gamma=0.08",elongation_mean,30,1.1715440791974057,0.016567338555921806,0.014141455579948522,1.1656155332347353,1.177472625160076,0.2792452515256581
0.0,0.08,"lambda=0, gamma=0.08",elongation_std,30,0.11362352918709143,0.014461832179161702,0.12727849841161848,0.10844842900493587,0.11879862936924698,0.4046756161813648
0.0,0.08,"lambda=0, gamma=0.08",elongation_q10,30,1.0541382766831473,0.006848652835281059,0.0064969207425333115,1.0516875177408294,1.0565890356254652,0.3179361197726022
0.0,0.08,"lambda=0, gamma=0.08",elongation_q50,30,1.1477058108098375,0.014562872051434146,0.01268868024738707,1.1424945539737446,1.1529170676459304,0.2646727391238077
0.0,0.08,"lambda=0, gamma=0.08",elongation_q90,30,1.3197128121549822,0.03389824457014656,0.02568607674179773,1.3075824811238632,1.331843143186101,0.31879401062679075
0.0,0.08,"lambda=0, gamma=0.08",neighbors_mean,30,5.991955023519166,0.00768937338937575,0.0012832828950140656,5.989203416590318,5.9947066304480146,0.554244290674717
0.0,0.08,"lambda=0, gamma=0.08",neighbors_std,30,0.708879834022222,0.03923913170014271,0.0553537141513785,0.694838291077087,0.722921376967357,0.4146213428074716
0.0,0.08,"lambda=0, gamma=0.08",center_x_std,30,2.4755835651891287,0.06956313712107202,0.0280996925731964,2.450690716266065,2.5004764141121925,0.16350997979188586
0.0,0.08,"lambda=0, gamma=0.08",center_y_std,30,2.4537988162750977,0.07484216961430658,0.030500532121014747,2.427016889835514,2.4805807427146815,0.1731536808012536
0.0,0.08,"lambda=0, gamma=0.08",xy_corr,30,0.002048531585568332,0.022408987130496723,10.939048872063017,-0.005970421472679468,0.01006748464381613,0.8148846329058423
0.0,0.08,"lambda=0, gamma=0.08",frac_neighbors_4,30,0.0040559964176908325,0.0038244843763113844,0.9429210439216184,0.002687422260052709,0.0054245705753289564,0.40394380310043976
0.0,0.08,"lambda=0, gamma=0.08",frac_neighbors_5,30,0.22045995483105812,0.01975190928516584,0.08959409113687805,0.21339182486846117,0.22752808479365508,0.5368268196573166
0.0,0.08,"lambda=0, gamma=0.08",frac_neighbors_6,30,0.5769055939212495,0.034621812999757084,0.06001296115787557,0.5645163372529437,0.5892948505895553,0.5180714328801189
0.0,0.08,"lambda=0, gamma=0.08",frac_neighbors_7,30,0.1781364073345806,0.01704349716805281,0.09567666387276606,0.17203747020087157,0.18423534446828965,0.6812186460689204
0.0,0.08,"lambda=0, gamma=0.08",frac_neighbors_8,30,0.018935578635238752,0.00861521379841918,0.45497494237574715,0.015852663970957772,0.022018493299519732,0.4935828272263407
